WKT,
"POLYGON ((78.0841966200489 14.0497157354592,78.0843789941348 14.0399147535571,78.0983266241176 14.0392004877398,78.0977600482535 14.0495421517106,78.0841966200489 14.0497157354592))"
